{"0": {"month": 1, "text": [0, 0.0734521793275218, 0.009701701093560146, 0.0014667065868263457, 0.013004151404151405, 0.05121446229913474, -0.07739402480270575, 0, 0.06751644444444445, 0.019498123620309053, 0.02441550741163056, 0.033220158550396374, 0.10025965714285716, 0.01599987804878049, 0.03525921483097056, 0.06271479421579532, -0.006040700218818381, 0.05110184182015168, 0.02297122538293217, 0.052952094522019336, 0.052535596933187295, 0.047584100877192975, 0.00918006430868167, 0.05308590163934426, -0.010582747603833868, 0.00894089935760171, 0.0410858276643991, 0.0639786387434555, 0.06856567796610169, 0.04525026178010471]}, "1": {"month": 2, "text": [0.013816161616161613, 0, -0.004103765227021042, 0.005669608938547484, 0.02652885906040268, 0.02164844097995546, -0.020125799338478502, 0.012872599784250266, -0.027235721925133693, -0.04125670995670996, -0.01584047362755651, -0.006250215517241376, 0.01199239956568947, -0.02713348115299335, -0.017153276955602533, 0.017619618834080718, -0.013007235421166307, 0.014331652360515023, -0.005722914466737064, -0.013517192600652884, -0.01979517167381974, -0.016145543478260874, -0.00014452709883103, 0.007199465811965814, -0.04186412698412699, -0.01507151832460733, 0.046856373056994825, -0.0026571725571725587, 0.0008927116827438395, 0]}, "2": {"month": 3, "text": [-0.0076886877828054295, 0.009509111617312075, -0.0010350055741360088, 0.0033099885189437437, 0.021182326621923934, 0.0799063687150838, -0.017444629014396452, -0.007822727272727273, -0.022999669239250273, -0.010715244596131969, 0.03864033707865168, -0.02087885462555066, 0.01959946294307197, -0.011149726775956282, 0.035064585575888055, 0.018686492374727668, 0.012060260586319219, -0.016668903088391904, -0.003090430107526884, 0, -0.051290551181102366, 0.030661006289308183, -0.016075508021390374, 0.0254262312633833, -0.03898053475935828, -0.019723578947368425, 0.0019132567849686833, -0.022549528795811517, 0.03824012345679013, 0.014640164778578785]}, "3": {"month": 4, "text": [0.03220342857142858, -0.011907499999999996, -0.018702151755379388, 0.05306279329608939, -0.0063245995423341, 0.00724524627720504, -0.014643555555555557, 0.027300000000000005, 0.03213089700996678, -0.0036709750566893402, 0.015169720670391063, -0.033201521739130435, 0.004465422612513724, 0.04550794701986754, 0.0005919826652221021, 0.018276477024070023, 0.001552614379084967, -0.023956862745098034, -0.008708436445444319, -0.01927299349240781, -0.008406357758620687, 0.026147812166488794, 0.0005973827699018515, 0.011695624332977586, -0.008008690987124466, 0.015416648879402351, 0.05740760416666667, 0.0046658613445378135, 0, 0.023625933609958513]}, "4": {"month": 5, "text": [0.05690011441647598, 0.0433803550295858, 0.009001900237529692, 0, -0.02736004592422503, 0.03367472793228536, 0.006315758980301276, 0.03407923169267707, -0.003184251968503935, 0.013241713641488162, -0.001061990950226243, 0.030838876146788995, -0.022630968468468463, -0.004778579481397971, -0.003704735682819385, 0.01971540154015402, 0.03433644752018455, -0.027978338945005614, 0.009530367074527252, -0.015539338654503989, 0.059608620689655174, -0.04740043572984749, 0.02268803986710963, 0.0027813928182807406, 0.005211111111111112, 0.024616178067318133, 0.013480576307363927, -0.004042582710779083, 0.0698917277486911, -0.02955352260778128]}, "5": {"month": 6, "text": [0.05361167630057803, 0.04699067702552719, 0.008493579978237213, -0.01643780487804878, 0.014759910913140313, 0.044762023939064206, -0.0023135223555070875, -0.060013807982740024, 0.005376273022751897, 0, 0.016700000000000007, 0.013566382070437564, 0.03139332615715823, -0.024143873085339173, -0.02111828877005347, 0.000823408845738942, 0.0009244565217391314, -0.03268511404561825, -0.016042157953281424, 0.012745357524012808, -0.00799283422459893, 0.010722887700534763, -0.0520436913451512, -0.015160042735042734, -0.028218534031413604, 0.020670168067226897, 0.0160517277486911, 0.023635950413223136, 0.016807165109034267, -0.0005789200415368613]}}